|Ministério da Educação|
|Instituto Nacional de Estudos e Pesquisas Educacionais Anísio Teixeira|
Taxas de Rendimento Escolar, Abandono||


Ano|Código da Escola|Taxa de Abandono no Ensino Médio (%)
2014|25000047|-
2015|25000047|13,2
2016|25000047|12,7
2017|25000047|5,5
2018|25000047|10,8
2019|25000047|2,8
2020|25000047|6,5
2021|25000047|0
2018|25000055|31,7
2019|25000055|21,4
2020|25000055|19
2021|25000055|19,7
2014|25000349|-
2015|25000349|7,5
2016|25000349|0
2017|25000349|3,9
2018|25000349|2
2019|25000349|0,9
2020|25000349|3,2
2021|25000349|0
2014|25000640|-
2015|25000640|17,2
2016|25000640|29,8
2017|25000640|11,6
2018|25000640|13,9
2019|25000640|2,5
2020|25000640|0
2021|25000640|0
2018|25000659|19,7
2019|25000659|20,3
2020|25000659|7,4
2021|25000659|5,9
2014|25001302|-
2015|25001302|0
2016|25001302|10,9
2017|25001302|13
2018|25001302|11,2
2019|25001302|4,7
2020|25001302|2,9
2021|25001302|0
2014|25001477|-
2015|25001477|7,9
2016|25001477|6,7
2017|25001477|6,2
2018|25001477|6,3
2019|25001477|6,6
2020|25001477|0
2021|25001477|0
2014|25001825|-
2015|25001825|0,8
2016|25001825|3,6
2017|25001825|4,9
2018|25001825|0
2019|25001825|2,4
2020|25001825|0
2021|25001825|8,6
2014|25001833|-
2015|25001833|12,6
2016|25001833|21,2
2017|25001833|5,8
2018|25001833|0
2019|25001833|0,6
2020|25001833|3,2
2021|25001833|0
2017|25001906|20,6
2018|25001906|17
2019|25001906|0
2020|25001906|0
2021|25001906|0
2014|25002422|-
2015|25002422|22,8
2016|25002422|26,5
2017|25002422|13,1
2018|25002422|10,7
2019|25002422|4,5
2020|25002422|1,1
2021|25002422|0
2014|25002457|-
2015|25002457|8,8
2016|25002457|3,3
2017|25002457|6,5
2018|25002457|2,9
2019|25002457|16,6
2020|25002457|1,4
2021|25002457|0
2014|25003054|-
2015|25003054|13
2016|25003054|9,2
2017|25003054|5,7
2018|25003054|6,4
2019|25003054|2,3
2020|25003054|5,3
2021|25003054|8,6
2014|25003410|-
2015|25003410|13,1
2016|25003410|15,3
2017|25003410|16,5
2018|25003410|6,5
2019|25003410|3,7
2020|25003410|7,1
2021|25003410|0,6
2014|25003844|-
2015|25003844|15,9
2016|25003844|15,9
2017|25003844|10,4
2018|25003844|11,7
2019|25003844|7,7
2020|25003844|25,3
2021|25003844|29,1
2014|25004875|-
2015|25004875|4,2
2016|25004875|25,8
2017|25004875|38,7
2018|25004875|25,2
2019|25004875|8,8
2020|25004875|0
2021|25004875|1,1
2014|25004883|-
2015|25004883|12,5
2016|25004883|17
2017|25004883|20,1
2018|25004883|4,1
2019|25004883|4,2
2020|25004883|0,8
2021|25004883|0,4
2016|25004999|16,7
2017|25004999|11,1
2018|25004999|20
2019|25004999|2,4
2020|25004999|2,1
2021|25004999|0
2014|25005995|-
2015|25005995|5
2016|25005995|7,9
2017|25005995|11,2
2018|25005995|5,9
2019|25005995|2,3
2020|25005995|0
2021|25005995|0
2014|25006029|-
2015|25006029|6,6
2016|25006029|8,6
2017|25006029|9,5
2018|25006029|5,7
2019|25006029|8
2020|25006029|0
2021|25006029|27,6
2014|25006223|-
2015|25006223|10,8
2016|25006223|9,2
2017|25006223|9,5
2018|25006223|6,4
2019|25006223|5,2
2020|25006223|0,4
2021|25006223|0
2014|25007092|-
2015|25007092|30,7
2016|25007092|23,6
2017|25007092|23,4
2018|25007092|19,2
2019|25007092|7,8
2020|25007092|0
2021|25007092|10,4
2014|25007718|-
2015|25007718|14
2016|25007718|18,4
2017|25007718|10,2
2018|25007718|9
2019|25007718|6,8
2020|25007718|7,8
2021|25007718|9,7
2014|25007726|-
2015|25007726|23,6
2016|25007726|26,3
2017|25007726|16,1
2018|25007726|10,2
2019|25007726|7,6
2020|25007726|0
2021|25007726|0
2018|25007742|23,1
2019|25007742|9
2020|25007742|0
2021|25007742|0,7
2014|25007785|-
2015|25007785|14
2016|25007785|19,1
2017|25007785|20,3
2018|25007785|6,1
2019|25007785|0,5
2020|25007785|0
2021|25007785|0
2014|25007904|-
2015|25007904|19,2
2016|25007904|18,8
2017|25007904|13,3
2018|25007904|11,4
2019|25007904|11,8
2020|25007904|0,3
2021|25007904|0,4
2014|25008978|-
2015|25008978|1,1
2016|25008978|1,4
2017|25008978|1,8
2018|25008978|1,3
2019|25008978|0,8
2020|25008978|0
2021|25008978|0,6
2014|25009087|-
2015|25009087|0,7
2016|25009087|0
2017|25009087|0
2018|25009087|0
2019|25009087|0
2020|25009087|0
2021|25009087|0
2014|25009192|-
2015|25009192|8,4
2016|25009192|15,2
2017|25009192|27,3
2018|25009192|6,6
2019|25009192|9,8
2020|25009192|0
2021|25009192|3,1
2014|25009559|-
2015|25009559|2,1
2016|25009559|8,1
2017|25009559|1,9
2018|25009559|11,3
2019|25009559|7,1
2020|25009559|0,9
2021|25009559|10,3
2018|25009923|36
2019|25009923|10,5
2020|25009923|0
2021|25009923|0
2014|25009931|-
2015|25009931|1,7
2016|25009931|6,2
2017|25009931|9,1
2018|25009931|2,2
2019|25009931|1,1
2020|25009931|0
2021|25009931|0
2014|25010565|-
2015|25010565|16,7
2016|25010565|15,4
2017|25010565|9,1
2018|25010565|7
2019|25010565|0,6
2020|25010565|0
2021|25010565|0
2014|25011669|-
2015|25011669|6,2
2016|25011669|15,6
2017|25011669|6,4
2018|25011669|13,8
2019|25011669|15,9
2020|25011669|1,5
2021|25011669|18,7
2020|25012185|0
2021|25012185|0
2014|25012193|-
2015|25012193|10,1
2016|25012193|17,4
2017|25012193|20,3
2018|25012193|21
2019|25012193|1,3
2020|25012193|0
2021|25012193|0
2014|25012207|-
2015|25012207|15,3
2016|25012207|7
2017|25012207|14,6
2018|25012207|6
2019|25012207|11,3
2020|25012207|0,6
2021|25012207|0
2014|25012916|-
2015|25012916|10,8
2016|25012916|12,5
2017|25012916|9,7
2018|25012916|19,1
2019|25012916|7,7
2020|25012916|3,8
2021|25012916|1,1
2020|25012924|0
2021|25012924|0
2014|25012932|-
2015|25012932|12,1
2016|25012932|6,6
2017|25012932|4,1
2018|25012932|9,5
2019|25012932|10,5
2020|25012932|0
2021|25012932|1
2014|25012940|-
2015|25012940|21,1
2016|25012940|28,5
2017|25012940|18,2
2018|25012940|10
2019|25012940|2,3
2020|25012940|0
2021|25012940|4,8
2014|25012967|-
2015|25012967|0
2016|25012967|13,3
2017|25012967|20,6
2018|25012967|10,3
2019|25012967|34,3
2020|25012967|0
2021|25012967|4,5
2014|25013840|-
2015|25013840|3,9
2016|25013840|1,6
2017|25013840|0
2018|25013840|2
2019|25013840|0
2020|25013840|0
2021|25013840|0
2014|25014226|-
2015|25014226|6,1
2016|25014226|1,2
2017|25014226|3,3
2018|25014226|5,5
2019|25014226|4,8
2020|25014226|0
2021|25014226|0,9
2014|25014412|-
2015|25014412|5,2
2016|25014412|9,1
2017|25014412|12,3
2018|25014412|6,2
2019|25014412|3
2020|25014412|0,9
2021|25014412|0
2014|25014692|-
2015|25014692|4,2
2016|25014692|6,8
2017|25014692|24,8
2018|25014692|9,2
2019|25014692|4,9
2020|25014692|0,6
2021|25014692|6,6
2014|25014951|-
2015|25014951|11,5
2016|25014951|8,6
2017|25014951|15,9
2018|25014951|13
2019|25014951|14,8
2020|25014951|4,9
2021|25014951|0,4
2014|25015320|-
2015|25015320|6,1
2016|25015320|5,5
2017|25015320|9,1
2018|25015320|13,6
2019|25015320|7,6
2020|25015320|0,5
2021|25015320|1,5
2014|25015869|-
2015|25015869|5,4
2016|25015869|4,9
2017|25015869|0,7
2018|25015869|2
2019|25015869|0,4
2020|25015869|0
2021|25015869|0,7
2016|25015885|7,5
2017|25015885|5,4
2018|25015885|10,1
2019|25015885|0
2020|25015885|0
2021|25015885|0
2014|25015893|-
2015|25015893|11,4
2016|25015893|6,8
2017|25015893|5,3
2018|25015893|2,6
2019|25015893|0
2020|25015893|0,2
2021|25015893|0
2021|25016032|0
2014|25016059|-
2015|25016059|4
2016|25016059|6,1
2017|25016059|3,5
2018|25016059|2,3
2019|25016059|2,2
2020|25016059|0
2021|25016059|9,6
2014|25016105|-
2015|25016105|1,1
2016|25016105|4,6
2017|25016105|2,8
2018|25016105|8
2019|25016105|3,4
2020|25016105|0
2021|25016105|0
2014|25016164|-
2015|25016164|0
2016|25016164|0
2017|25016164|0
2018|25016164|1,7
2019|25016164|1,8
2020|25016164|1,4
2021|25016164|0
2014|25017080|-
2015|25017080|6,6
2016|25017080|5,9
2017|25017080|9,1
2018|25017080|4,8
2019|25017080|11,3
2020|25017080|0
2021|25017080|1,3
2014|25017438|-
2015|25017438|8,2
2016|25017438|3,9
2017|25017438|8,6
2018|25017438|7,7
2019|25017438|1,7
2020|25017438|0
2021|25017438|0
2014|25018027|-
2015|25018027|9,1
2016|25018027|2,6
2017|25018027|11
2018|25018027|7,2
2019|25018027|5,6
2020|25018027|1,3
2021|25018027|1,1
2014|25018060|-
2015|25018060|0
2016|25018060|7,6
2017|25018060|5,2
2018|25018060|0
2019|25018060|2,7
2020|25018060|0
2021|25018060|0
2014|25018094|-
2015|25018094|8,6
2016|25018094|6,4
2017|25018094|6,9
2018|25018094|2,8
2019|25018094|5,3
2020|25018094|1,9
2021|25018094|0,9
2014|25018140|-
2015|25018140|15,8
2016|25018140|22,4
2017|25018140|21,2
2018|25018140|13,2
2019|25018140|7,8
2020|25018140|3,2
2021|25018140|0
2014|25018183|-
2015|25018183|7,7
2016|25018183|2,2
2017|25018183|3,6
2018|25018183|13,8
2019|25018183|4,7
2020|25018183|5,3
2021|25018183|0
2014|25018191|-
2015|25018191|0
2016|25018191|0
2017|25018191|0
2018|25018191|10
2019|25018191|0
2014|25018272|-
2015|25018272|7,1
2016|25018272|4,3
2017|25018272|3,7
2018|25018272|6,6
2019|25018272|4,8
2020|25018272|1,7
2021|25018272|1,2
2014|25018280|-
2015|25018280|8,4
2016|25018280|6,7
2017|25018280|0,5
2018|25018280|0,3
2019|25018280|0,6
2020|25018280|0,3
2021|25018280|0,2
2014|25018582|-
2015|25018582|7,9
2016|25018582|6,9
2017|25018582|8,4
2018|25018582|5,8
2019|25018582|4,2
2020|25018582|3,2
2021|25018582|1,3
2014|25018639|-
2015|25018639|7,7
2016|25018639|11,6
2017|25018639|11,3
2018|25018639|7,9
2019|25018639|2,3
2020|25018639|0
2021|25018639|6,6
2014|25019228|-
2015|25019228|3,6
2016|25019228|11,4
2017|25019228|19,7
2018|25019228|7,3
2019|25019228|3,6
2020|25019228|0
2021|25019228|4,2
2014|25019538|-
2015|25019538|5,6
2016|25019538|12,5
2017|25019538|9,7
2018|25019538|14,1
2019|25019538|0
2020|25019538|0
2021|25019538|0
2014|25019597|-
2015|25019597|1,9
2016|25019597|9,4
2017|25019597|1,1
2018|25019597|1
2019|25019597|6
2020|25019597|0
2021|25019597|0
2014|25019740|-
2015|25019740|9,4
2016|25019740|4,8
2017|25019740|4,4
2018|25019740|3,1
2019|25019740|3,2
2020|25019740|0
2021|25019740|0
2014|25019813|-
2015|25019813|5,2
2016|25019813|4,4
2017|25019813|0,8
2018|25019813|1,8
2019|25019813|0
2020|25019813|0
2021|25019813|0
2014|25020102|-
2015|25020102|13,1
2016|25020102|3,7
2017|25020102|3,2
2018|25020102|2,9
2019|25020102|0
2020|25020102|5,3
2021|25020102|4,2
2014|25020366|-
2015|25020366|7,7
2016|25020366|4,4
2017|25020366|0
2018|25020366|1,4
2019|25020366|1,4
2020|25020366|0
2021|25020366|0
2014|25020374|-
2015|25020374|10,8
2016|25020374|12,6
2017|25020374|3,2
2018|25020374|0
2019|25020374|4,3
2020|25020374|0
2021|25020374|0
2016|25020650|14,5
2017|25020650|8,1
2018|25020650|16,8
2019|25020650|0
2020|25020650|9,3
2014|25020854|-
2015|25020854|11,7
2016|25020854|2,8
2017|25020854|7,9
2018|25020854|0
2019|25020854|0
2020|25020854|0
2021|25020854|0
2014|25020889|-
2015|25020889|6,7
2016|25020889|7,5
2017|25020889|0
2018|25020889|1,6
2019|25020889|1,4
2020|25020889|0
2021|25020889|0
2014|25020900|-
2015|25020900|2,3
2016|25020900|4,2
2017|25020900|12,5
2018|25020900|1,5
2019|25020900|0
2020|25020900|1
2021|25020900|4,3
2014|25020927|-
2015|25020927|8,2
2016|25020927|6,3
2017|25020927|11,7
2018|25020927|6
2019|25020927|1,2
2020|25020927|0,4
2021|25020927|0,5
2014|25020935|-
2015|25020935|5,4
2016|25020935|3,6
2017|25020935|0,4
2018|25020935|0
2019|25020935|0,2
2020|25020935|1,2
2021|25020935|1
2016|25020960|7,4
2017|25020960|7
2018|25020960|4,3
2019|25020960|2,8
2020|25020960|2,4
2021|25020960|10,8
2016|25020986|0
2017|25020986|4
2018|25020986|6,3
2019|25020986|7,8
2020|25020986|0,2
2021|25020986|0,9
2014|25021427|-
2015|25021427|29,2
2016|25021427|40,5
2017|25021427|30,8
2018|25021427|49,2
2019|25021427|7,4
2020|25021427|11,3
2021|25021427|24,6
2014|25022059|-
2015|25022059|26,3
2016|25022059|31,2
2017|25022059|9,9
2018|25022059|12,5
2019|25022059|0
2020|25022059|0
2021|25022059|3,3
2014|25022296|-
2015|25022296|5,3
2016|25022296|3,8
2017|25022296|4,9
2018|25022296|3,6
2019|25022296|2,9
2020|25022296|2,6
2021|25022296|3,2
2014|25022652|-
2015|25022652|3,2
2016|25022652|7,9
2017|25022652|3,5
2018|25022652|4,5
2019|25022652|0,7
2020|25022652|0
2021|25022652|0
2014|25023187|-
2015|25023187|8,1
2016|25023187|6,3
2017|25023187|3,8
2018|25023187|11,3
2019|25023187|3,8
2020|25023187|1,7
2021|25023187|2,1
2014|25023489|-
2015|25023489|2,8
2016|25023489|6,4
2017|25023489|6,1
2018|25023489|9,4
2019|25023489|16
2020|25023489|3,8
2021|25023489|1,3
2014|25023535|-
2015|25023535|0
2014|25023896|-
2015|25023896|9,7
2016|25023896|19,2
2017|25023896|3,5
2018|25023896|9,4
2019|25023896|5,3
2020|25023896|4,3
2021|25023896|4,3
2014|25024175|-
2015|25024175|18,9
2016|25024175|9,8
2017|25024175|1,7
2018|25024175|6,3
2019|25024175|1,5
2020|25024175|1,3
2021|25024175|0,7
2014|25024558|-
2015|25024558|4,9
2016|25024558|6,4
2017|25024558|9,2
2018|25024558|10
2019|25024558|8,9
2020|25024558|0
2021|25024558|0,2
2014|25025368|-
2015|25025368|13,2
2016|25025368|3,2
2017|25025368|3,4
2018|25025368|0,8
2019|25025368|3,1
2020|25025368|0
2021|25025368|3
2014|25025635|-
2015|25025635|0,6
2016|25025635|3,4
2017|25025635|0
2018|25025635|0
2019|25025635|0
2020|25025635|0,7
2021|25025635|0
2014|25025830|-
2015|25025830|11,4
2016|25025830|7
2017|25025830|5
2018|25025830|3,7
2019|25025830|3,8
2020|25025830|1
2021|25025830|2,4
2014|25026259|-
2015|25026259|22,6
2016|25026259|4,1
2014|25027026|-
2015|25027026|16,4
2016|25027026|25
2017|25027026|29,9
2018|25027026|15,5
2019|25027026|4,6
2020|25027026|0,9
2021|25027026|4,6
2014|25027174|-
2015|25027174|15,8
2016|25027174|14,8
2017|25027174|21
2018|25027174|1,6
2019|25027174|7,2
2020|25027190|2,4
2021|25027190|0
2014|25027557|-
2015|25027557|7,7
2016|25027557|11,4
2017|25027573|11,5
2018|25027573|6,3
2019|25027573|12
2020|25027573|0
2021|25027573|0
2014|25027930|-
2015|25027930|23,1
2016|25027930|29,2
2017|25027930|12,4
2018|25027930|24,7
2019|25027930|8,3
2020|25027930|4,9
2021|25027930|6,2
2020|25028065|0,6
2021|25028065|5,2
2014|25028103|-
2015|25028103|3,7
2016|25028103|13,7
2017|25028103|8,6
2018|25028103|6,4
2019|25028103|4,5
2020|25028103|0
2021|25028103|6,2
2014|25029576|-
2015|25029576|11,5
2016|25029576|11,4
2017|25029576|7,1
2018|25029576|14,5
2019|25029576|0
2020|25029576|3
2021|25029576|0
2014|25029789|-
2015|25029789|16,8
2016|25029789|16,3
2017|25029789|9,8
2018|25029789|5,2
2019|25029789|9
2020|25029789|8,4
2021|25029789|4,6
2014|25030116|-
2015|25030116|14,6
2016|25030116|7,9
2017|25030116|11,5
2018|25030116|21,4
2019|25030116|5
2020|25030116|1,3
2021|25030116|2,4
2014|25030566|-
2015|25030566|7,5
2016|25030566|14,7
2017|25030566|11,2
2018|25030566|7,1
2019|25030566|5,1
2020|25030566|23
2021|25030566|19,6
2014|25031155|-
2015|25031155|19,7
2016|25031155|17,3
2017|25031155|15,5
2018|25031155|6,8
2014|25031481|-
2015|25031481|13,7
2016|25031481|13,1
2017|25031481|13,1
2018|25031481|6,4
2019|25031481|4,7
2020|25031481|0
2021|25031481|3,7
2014|25031783|-
2015|25031783|4,8
2016|25031783|9,3
2017|25031783|1,9
2018|25031783|5,4
2019|25031783|6,5
2020|25031783|3,7
2021|25031783|0
2014|25032518|-
2015|25032518|15,4
2016|25032518|4,3
2017|25032518|8,2
2018|25032518|10,4
2019|25032518|8,7
2020|25032518|0
2021|25032518|0,3
2014|25032968|-
2015|25032968|5,8
2016|25032968|11,4
2017|25032968|5,1
2018|25032968|7,5
2019|25032968|5,6
2020|25032968|9,2
2021|25032968|0
2014|25033204|-
2015|25033204|7,4
2016|25033204|11,8
2017|25033204|3
2018|25033204|10
2019|25033204|10,3
2020|25033204|0
2021|25033204|0
2014|25033786|-
2015|25033786|8,2
2016|25033786|6
2017|25033786|9,5
2018|25033786|11,5
2019|25033786|1,6
2020|25033786|1
2021|25033786|0
2014|25033794|-
2015|25033794|5,9
2016|25033794|19,3
2017|25033794|3,6
2018|25033794|9,1
2019|25033794|9,2
2020|25033794|0,4
2021|25033794|0,4
2014|25034200|-
2015|25034200|6,7
2016|25034200|8,6
2017|25034200|9,1
2018|25034200|6,6
2019|25034200|4,8
2020|25034200|1,6
2021|25034200|0
2014|25034219|-
2015|25034219|14,5
2016|25034219|22
2017|25034219|6,9
2018|25034219|10,4
2019|25034219|6,3
2020|25034219|0
2021|25034219|0
2014|25034839|-
2015|25034839|5,2
2016|25034839|7,7
2017|25034839|8,7
2018|25034839|0,6
2019|25034839|0
2020|25034839|0,5
2021|25034839|0
2014|25036017|-
2015|25036017|19,6
2016|25036017|15,3
2017|25036017|10,4
2018|25036017|1,1
2019|25036017|4,4
2020|25036017|0
2021|25036017|0
2014|25036300|-
2017|25036300|22,2
2018|25036300|37,8
2019|25036300|19,3
2020|25036300|0
2021|25036300|0,4
2014|25036335|-
2015|25036335|16,2
2016|25036335|21,1
2017|25036335|5,6
2018|25036335|2,1
2019|25036335|8,3
2020|25036335|5,8
2021|25036335|7,8
2014|25037137|-
2015|25037137|18,6
2016|25037137|20,9
2017|25037137|10,7
2018|25037137|1,1
2019|25037137|0
2020|25037137|11,7
2021|25037137|0
2014|25037226|-
2015|25037226|14
2016|25037226|17,1
2017|25037226|8,9
2018|25037226|6
2019|25037226|5,4
2020|25037226|0
2021|25037226|0
2014|25037234|-
2015|25037234|11,6
2016|25037234|5,2
2017|25037234|3,9
2018|25037234|4,9
2019|25037234|2,9
2020|25037234|1,4
2021|25037234|7,1
2014|25037781|-
2015|25037781|20,2
2016|25037781|21,4
2017|25037781|9,2
2018|25037781|8,4
2019|25037781|10,5
2020|25037781|11,8
2021|25037781|16,9
2014|25037803|-
2015|25037803|19,1
2016|25037803|10,1
2017|25037803|7,8
2018|25037803|8,9
2019|25037803|7,2
2020|25037803|4,1
2021|25037803|2,3
2014|25038460|-
2015|25038460|8,7
2016|25038460|10,4
2014|25038478|-
2015|25038478|10,5
2016|25038478|13,3
2017|25038478|2,7
2018|25038478|0
2019|25038478|5,7
2020|25038478|1,9
2021|25038478|0
2014|25038796|-
2015|25038796|1,4
2016|25038796|7,6
2017|25038796|5,9
2018|25038796|6,6
2019|25038796|4,2
2020|25038796|2,5
2021|25038796|6,2
2014|25039032|-
2015|25039032|12,2
2016|25039032|10
2017|25039032|14,9
2018|25039032|7,6
2019|25039032|2,5
2020|25039032|0
2021|25039032|0,5
2014|25039504|-
2015|25039504|14,5
2016|25039504|16,3
2017|25039504|4,9
2018|25039504|3,7
2019|25039504|8,9
2020|25039504|13
2021|25039504|4,5
2014|25039997|-
2015|25039997|3,5
2016|25039997|1
2017|25040014|0,5
2018|25040014|0
2019|25040014|0
2020|25040014|0
2021|25040014|0
2014|25040600|-
2015|25040600|18,4
2016|25040600|6,7
2017|25040600|5,6
2018|25040600|16
2019|25040600|0
2020|25040600|0
2021|25040600|2,2
2014|25040820|-
2015|25040820|10,5
2016|25040820|9,3
2017|25040820|5,1
2018|25040820|10,9
2019|25040820|5,6
2020|25040820|0
2021|25040820|0
2014|25041185|-
2015|25041185|5,8
2016|25041185|4,4
2017|25041185|2,3
2018|25041185|0
2019|25041185|3,3
2020|25041185|3,3
2021|25041185|4,7
2014|25041525|-
2015|25041525|11
2016|25041525|6,9
2017|25041525|9
2018|25041525|0,4
2019|25041525|0
2020|25041525|0,4
2021|25041525|1,9
2014|25042351|-
2015|25042351|0
2016|25042351|0,8
2017|25042351|0
2018|25042351|0
2019|25042351|0
2020|25042351|0
2021|25042351|0
2014|25042661|-
2015|25042661|14,8
2016|25042661|8,1
2017|25042661|3,7
2018|25042661|1,4
2019|25042661|2,3
2020|25042661|0
2021|25042661|0
2014|25043269|-
2015|25043269|8,6
2016|25043269|8
2017|25043269|11,5
2018|25043269|9,1
2019|25043269|3,3
2020|25043269|5,8
2021|25043269|2,9
2014|25043277|-
2015|25043277|6,2
2016|25043277|6,1
2017|25043277|1,8
2018|25043277|1,8
2019|25043277|0,8
2020|25043277|0
2021|25043277|0,4
2014|25043897|-
2015|25043897|8,7
2016|25043897|8,2
2017|25043897|7,2
2018|25043897|10,3
2019|25043897|7,8
2020|25043897|0,5
2021|25043897|0
2014|25044362|-
2015|25044362|6,5
2016|25044362|14,4
2017|25044362|7,6
2018|25044362|8,3
2019|25044362|0,7
2020|25044362|0
2021|25044362|0
2014|25044788|-
2015|25044788|11,8
2016|25044788|13,4
2017|25044788|11,7
2018|25044788|10,4
2019|25044788|9,6
2020|25044788|0
2021|25044788|0
2014|25045059|-
2015|25045059|19,4
2016|25045059|14,9
2017|25045059|17,2
2018|25045059|13,1
2019|25045059|9,3
2020|25045059|1,6
2021|25045059|1,1
2014|25045377|-
2015|25045377|13,4
2016|25045377|16
2017|25045377|13,1
2018|25045377|2,5
2019|25045377|0
2020|25045377|0
2021|25045377|0
2014|25045466|-
2015|25045466|3,6
2016|25045466|9,1
2017|25045466|9,2
2018|25045466|13,4
2019|25045466|0
2020|25045466|0
2021|25045466|3,7
2018|25045555|16
2019|25045555|13,6
2020|25045555|0
2021|25045555|11,6
2014|25046764|-
2015|25046764|7,1
2016|25046764|1,6
2017|25046764|14,5
2018|25046764|7
2019|25046764|3,2
2020|25046764|1,5
2021|25046764|0
2014|25046950|-
2015|25046950|18,4
2016|25046950|7,9
2017|25046950|8,8
2018|25046950|8,7
2019|25046950|3,6
2020|25046950|1,4
2021|25046950|4,5
2014|25047116|-
2015|25047116|19,8
2016|25047116|20
2017|25047116|9,2
2018|25047116|13,5
2019|25047116|5,5
2020|25047116|0
2021|25047116|0
2014|25047450|-
2015|25047450|1,2
2016|25047450|6,8
2017|25047450|2,5
2018|25047450|2,7
2019|25047450|1,4
2020|25047450|1,9
2021|25047450|0
2014|25047469|-
2015|25047469|4,3
2016|25047469|8,1
2017|25047469|2
2018|25047469|2,2
2019|25047469|3,8
2020|25047469|0
2021|25047469|0
2014|25048350|-
2015|25048350|8,2
2016|25048350|7,9
2017|25048350|10,6
2018|25048350|12,6
2019|25048350|9
2020|25048350|2,6
2021|25048350|3,7
2014|25048368|-
2015|25048368|3,9
2016|25048368|3,9
2017|25048368|20,5
2018|25048368|8,8
2019|25048368|1,6
2020|25048368|0
2021|25048368|0
2014|25048775|-
2015|25048775|4,2
2016|25048775|7,4
2017|25048775|4,7
2018|25048775|2,2
2019|25048775|0
2020|25048775|0
2021|25048775|0
2014|25048880|-
2015|25048880|8,5
2016|25048880|5,5
2017|25048880|7,4
2018|25048880|5,4
2019|25048880|4,5
2020|25048880|0
2021|25048880|3,2
2014|25049372|-
2015|25049372|3,2
2016|25049372|3,5
2017|25049372|4,5
2018|25049372|3,9
2019|25049372|2,3
2020|25049372|0
2021|25049372|0
2014|25049496|-
2015|25049496|11,9
2016|25049496|6,5
2017|25049496|10,7
2018|25049496|14,6
2019|25049496|0,5
2020|25049496|0
2021|25049496|0
2014|25049640|-
2015|25049640|4,8
2016|25049640|7,9
2017|25049640|14,1
2018|25049640|23,6
2019|25049640|0
2020|25049640|2,9
2021|25049640|1,5
2014|25050427|-
2015|25050427|13,9
2016|25050427|9,3
2017|25050427|8
2018|25050427|8,4
2019|25050427|19,8
2020|25050427|0
2021|25050427|0
2014|25050435|-
2015|25050435|14,1
2016|25050435|12,5
2017|25050435|21,6
2018|25050435|3,4
2019|25050435|0
2020|25050435|0,7
2021|25050435|0
2018|25050486|11,2
2019|25050486|10,9
2020|25050486|0,8
2021|25050486|8,2
2014|25051296|-
2015|25051296|8,3
2016|25051296|9,6
2017|25051296|10,6
2018|25051296|8,3
2019|25051296|8,9
2020|25051296|0,9
2021|25051296|6,1
2014|25051563|-
2014|25051580|-
2015|25051580|15,2
2016|25051580|11,1
2017|25051580|9,3
2018|25051580|13,2
2019|25051580|2,1
2020|25051580|0
2021|25051580|0
2014|25051598|-
2015|25051598|4,2
2016|25051598|11,3
2017|25051598|18,4
2018|25051598|7,3
2019|25051598|4,8
2020|25051598|0
2021|25051598|5,8
2014|25051660|-
2015|25051660|5,7
2016|25051660|14,3
2017|25051660|5
2018|25051660|5,9
2019|25051660|3,4
2020|25051660|10,1
2021|25051660|0
2014|25052497|-
2015|25052497|7,9
2016|25052497|8,9
2017|25052497|4,6
2018|25052497|6,3
2019|25052497|6,3
2020|25052497|0
2021|25052497|0
2014|25052730|-
2014|25052802|-
2015|25052802|13,7
2016|25052802|9,6
2017|25052802|12,2
2018|25052802|14,8
2019|25052802|3,4
2020|25052802|0
2021|25052802|0
2014|25053124|-
2015|25053124|3,3
2016|25053124|7
2017|25053124|6,8
2018|25053124|4,8
2019|25053124|4,7
2020|25053124|0,9
2021|25053124|1,6
2020|25053159|1,1
2021|25053159|0
2014|25053493|-
2015|25053493|10,3
2016|25053493|10
2017|25053493|4,2
2018|25053493|0
2019|25053493|0
2020|25053493|0
2021|25053493|0
2014|25053647|-
2015|25053647|6,6
2016|25053647|3,2
2017|25053647|4,8
2018|25053647|11,4
2019|25053647|4,8
2020|25053647|1,5
2021|25053647|10,5
2014|25053728|-
2015|25053728|21,5
2016|25053728|40,7
2017|25053728|23
2018|25053728|16,7
2019|25053728|12,9
2020|25053728|0
2021|25053728|0
2014|25054023|-
2015|25054023|9,2
2016|25054023|8,1
2017|25054023|11,7
2018|25054023|4,8
2019|25054023|6,3
2020|25054023|0
2021|25054023|0
2014|25054180|-
2015|25054180|10,8
2016|25054180|12,6
2017|25054180|7,3
2018|25054180|8,2
2019|25054180|0
2020|25054180|0
2021|25054180|0
2014|25054490|-
2015|25054490|6,6
2016|25054490|8,4
2017|25054490|6,4
2018|25054490|9,7
2019|25054490|5,3
2020|25054490|0,8
2021|25054490|0
2020|25054767|1,1
2021|25054767|0
2014|25054783|-
2015|25054783|22
2016|25054783|28,2
2017|25054783|25,5
2018|25054783|5,5
2019|25054783|10
2020|25054783|6,1
2021|25054783|5,4
2014|25055046|-
2015|25055046|11,7
2016|25055046|12,6
2017|25055046|14,1
2018|25055046|10,6
2019|25055046|3,5
2020|25055046|0,5
2021|25055046|4,3
2014|25055836|-
2015|25055836|15,4
2016|25055836|11,9
2017|25055836|6,6
2018|25055836|9,1
2019|25055836|9,8
2020|25055836|0
2021|25055836|0
2014|25056581|-
2015|25056581|15,9
2016|25056581|12,1
2017|25056581|5,8
2018|25056581|6,3
2019|25056581|3,2
2020|25056581|0
2021|25056581|1,5
2014|25056620|-
2015|25056620|13,5
2016|25056620|14,7
2017|25056620|3,7
2018|25056620|5,3
2019|25056620|17,5
2020|25056620|0
2021|25056620|2
2014|25056778|-
2015|25056778|4,9
2016|25056778|5,9
2017|25056778|5,3
2018|25056778|1,3
2014|25057146|-
2015|25057146|13,3
2016|25057146|9,7
2017|25057146|8,4
2018|25057146|7
2019|25057146|0
2020|25057146|0
2021|25057146|0
2014|25057820|-
2015|25057820|13,4
2016|25057820|14,7
2017|25057820|15,5
2018|25057820|2,4
2019|25057820|5,7
2020|25057820|1,5
2021|25057820|1,5
2018|25057839|12,9
2019|25057839|10,2
2020|25057839|0
2021|25057839|1,3
2014|25058304|-
2015|25058304|10,1
2016|25058304|4,5
2017|25058304|15,9
2018|25058304|9,6
2019|25058304|2
2020|25058304|0
2021|25058304|0
2019|25058371|2,2
2020|25058371|0
2021|25058371|1,6
2014|25058975|-
2015|25058975|10,1
2016|25058975|9,4
2017|25058975|10,4
2018|25058975|12,3
2019|25058975|3,1
2020|25058975|0,5
2021|25058975|1,7
2014|25058991|-
2015|25058991|15,5
2016|25058991|13,6
2017|25058991|6,3
2018|25058991|15,8
2019|25058991|17
2020|25058991|1,9
2021|25058991|6,9
2019|25059017|5,4
2020|25059017|0,9
2021|25059017|0
2014|25059629|-
2015|25059629|3,2
2016|25059629|20,5
2017|25059629|0
2018|25059629|0
2019|25059629|0
2020|25059629|1,1
2021|25059629|0
2014|25060058|-
2015|25060058|19,4
2016|25060058|20,1
2017|25060058|11,7
2018|25060058|18,3
2019|25060058|9,3
2020|25060058|0,2
2021|25060058|0,4
2014|25060376|-
2015|25060376|17,4
2016|25060376|17,3
2017|25060376|13,3
2018|25060376|7,5
2019|25060376|2,9
2020|25060376|4,3
2021|25060376|5,3
2014|25060406|-
2015|25060406|29,3
2016|25060406|27
2017|25060406|19,6
2018|25060406|23,1
2019|25060406|14,6
2020|25060406|22,8
2021|25060406|31,4
2014|25060996|-
2015|25060996|16,6
2016|25060996|19,6
2017|25060996|19,1
2018|25060996|24,4
2019|25060996|7,3
2020|25060996|6,8
2021|25060996|7,9
2014|25061402|-
2015|25061402|16,9
2016|25061402|23,4
2017|25061402|14,1
2018|25061402|14,1
2019|25061402|10,6
2020|25061402|0
2021|25061402|5
2014|25061720|-
2015|25061720|14,9
2016|25061720|12,7
2017|25061720|16,5
2018|25061720|15,8
2019|25061720|2,8
2020|25061720|2,4
2021|25061720|2,3
2014|25061739|-
2015|25061739|16,4
2016|25061739|17,4
2017|25061739|19,9
2018|25061739|19,4
2019|25061739|23,9
2020|25061739|0
2021|25061739|0,4
2014|25062069|-
2015|25062069|12,1
2016|25062069|12,6
2017|25062069|9,8
2018|25062069|7,4
2019|25062069|3,7
2020|25062069|0
2021|25062069|5,6
2014|25062220|-
2015|25062220|10,2
2016|25062220|15,1
2017|25062220|8,5
2018|25062220|11,3
2019|25062220|9,4
2020|25062220|0
2021|25062220|2,1
2014|25062638|-
2015|25062638|13,1
2016|25062638|12
2017|25062638|16,9
2018|25062638|0,9
2019|25062638|7,2
2020|25062638|1,2
2021|25062638|0,9
2014|25062816|-
2015|25062816|34,3
2016|25062816|41
2017|25062816|46,3
2018|25062816|30,8
2019|25062816|47,3
2020|25062816|0
2021|25062816|0
2014|25063340|-
2015|25063340|9,7
2016|25063340|12,7
2017|25063340|18,1
2018|25063340|15,8
2019|25063340|11,3
2020|25063340|0,7
2021|25063340|7,6
2014|25063359|-
2015|25063359|17,3
2016|25063359|13
2017|25063359|8
2018|25063359|7
2019|25063359|1,2
2020|25063359|0,5
2021|25063359|1
2018|25063405|5,1
2019|25063405|0
2020|25063405|0
2021|25063405|0
2014|25064126|-
2015|25064126|10,6
2016|25064126|5,9
2017|25064126|7,2
2018|25064126|12,4
2019|25064126|11,9
2020|25064126|0
2021|25064126|0,2
2014|25064134|-
2015|25064134|7,8
2016|25064134|12,7
2017|25064134|10
2018|25064134|7
2019|25064134|0,6
2020|25064134|0,5
2021|25064134|0
2014|25064142|-
2015|25064142|26,5
2016|25064142|14,7
2017|25064142|25
2018|25064142|5,4
2019|25064142|20
2020|25064142|0
2021|25064142|0
2014|25064800|-
2016|25064800|100
2017|25064800|3,2
2018|25064800|6
2019|25064800|3,1
2020|25064800|1,8
2021|25064800|5,4
2014|25064894|-
2015|25064894|14,4
2016|25064894|18,8
2017|25064894|20,3
2018|25064894|4,2
2019|25064894|6,9
2020|25064894|1,8
2021|25064894|4,8
2014|25065025|-
2015|25065025|18,9
2016|25065025|19,8
2017|25065025|20,4
2018|25065025|14,7
2019|25065025|12,5
2020|25065025|14,1
2021|25065025|12,8
2014|25065513|-
2015|25065513|19,8
2016|25065513|27,8
2017|25065513|14
2018|25065513|6,5
2019|25065513|4
2020|25065513|6,2
2021|25065513|3,3
2014|25065726|-
2015|25065726|9,2
2016|25065726|5,2
2017|25065726|9
2018|25065726|11
2019|25065726|7
2020|25065726|0
2021|25065726|0,3
2014|25066013|-
2015|25066013|17,7
2016|25066013|21,1
2017|25066013|5
2018|25066013|5,5
2019|25066013|0,9
2020|25066013|0
2021|25066013|2,8
2014|25066374|-
2015|25066374|11,2
2016|25066374|10,8
2017|25066374|5
2018|25066374|12,1
2019|25066374|2
2020|25066374|0
2021|25066374|1,2
2019|25066668|7,5
2020|25066668|4,5
2021|25066668|0,4
2014|25066676|-
2015|25066676|17,3
2016|25066676|25,6
2017|25066676|18,6
2018|25066676|18,8
2019|25066676|7,6
2020|25066676|3,2
2021|25066676|3
2014|25067133|-
2015|25067133|10,2
2016|25067133|22
2017|25067133|12,3
2018|25067133|7,2
2019|25067133|0
2020|25067133|5,4
2021|25067133|5
2019|25067141|1,6
2020|25067141|2,2
2021|25067141|4
2014|25067460|-
2015|25067460|7,8
2016|25067460|8,8
2017|25067460|7,9
2018|25067460|8,6
2019|25067460|5,6
2020|25067460|0,8
2021|25067460|2
2014|25067737|-
2015|25067737|9
2016|25067737|1,3
2017|25067737|2,4
2018|25067737|9,3
2019|25067737|3,4
2020|25067737|0
2021|25067737|13,1
2014|25067869|-
2015|25067869|24,5
2016|25067869|18,9
2017|25067869|15,4
2018|25067869|15,3
2019|25067869|20,8
2020|25067869|0,8
2021|25067869|9,8
2014|25068075|-
2015|25068075|26,1
2016|25068075|25,2
2017|25068075|50,7
2018|25068075|10,8
2019|25068075|2
2020|25068075|0
2021|25068075|1,8
2014|25068342|-
2015|25068342|2,9
2016|25068342|0
2017|25068342|18,9
2018|25068342|9,3
2019|25068342|9,4
2020|25068342|0
2021|25068342|3
2014|25068423|-
2015|25068423|12,8
2014|25068628|-
2015|25068628|13,2
2016|25068628|20,7
2017|25068628|26,7
2018|25068628|19,3
2019|25068628|20,7
2020|25068628|0
2021|25068628|7,7
2014|25068636|-
2015|25068636|17,7
2016|25068636|19,6
2017|25068636|13
2018|25068636|11,1
2019|25068636|5,2
2020|25068636|7,2
2021|25068636|0
2020|25068652|0
2021|25068652|11,1
2014|25068709|-
2015|25068709|21,6
2016|25068709|12
2017|25068709|9,3
2018|25068709|6,6
2019|25068709|4,4
2020|25068709|13,5
2021|25068709|10,3
2018|25068725|4,3
2019|25068725|2,6
2020|25068725|1,1
2021|25068725|0,7
2014|25069357|-
2015|25069357|11,5
2016|25069357|16,8
2017|25069357|20,1
2018|25069357|9,9
2019|25069357|6,9
2020|25069357|0
2021|25069357|0
2020|25069373|0
2021|25069373|7,1
2014|25069675|-
2015|25069675|11,2
2016|25069675|25,2
2017|25069675|8,2
2018|25069675|19
2019|25069675|1,1
2020|25069675|0,3
2021|25069675|4,1
2020|25069683|0
2021|25069683|0
2014|25070088|-
2015|25070088|16,9
2016|25070088|19,4
2017|25070088|13,6
2018|25070088|15,3
2019|25070088|8
2020|25070088|5,7
2021|25070088|2,7
2018|25070290|0
2019|25070290|3,1
2020|25070290|0
2021|25070290|2,1
2014|25070312|-
2015|25070312|14,8
2016|25070312|16,3
2017|25070312|0
2018|25070312|0
2019|25070312|19,7
2020|25070312|1,7
2021|25070312|1,6
2014|25070576|-
2015|25070576|0
2016|25070576|5,4
2017|25070576|0
2018|25070576|7,1
2019|25070576|2,4
2020|25070576|21,6
2021|25070576|4
2014|25070703|-
2015|25070703|15,4
2016|25070703|10,9
2017|25070703|8,1
2018|25070703|12,5
2019|25070703|8,2
2020|25070703|0
2021|25070703|0,5
2021|25071394|0
2014|25071939|-
2015|25071939|20,5
2016|25071939|18,9
2017|25071939|13,5
2014|25072005|-
2015|25072005|25,8
2016|25072005|16,4
2017|25072005|22
2018|25072005|10,7
2019|25072005|9,7
2020|25072005|0
2021|25072005|0,4
2014|25072013|-
2015|25072013|13,3
2016|25072013|26,1
2017|25072013|19
2018|25072013|5,1
2019|25072013|2,2
2020|25072013|0
2021|25072013|1,2
2014|25072021|-
2015|25072021|16,5
2016|25072021|15,9
2017|25072021|13,7
2018|25072021|8,9
2019|25072021|10,4
2020|25072021|0
2021|25072021|4,7
2014|25072030|-
2015|25072030|17
2016|25072030|24
2017|25072030|27,7
2018|25072030|11,9
2019|25072030|0
2020|25072030|0
2021|25072030|0
2018|25072056|30,4
2019|25072056|6,1
2020|25072056|0
2021|25072056|24,7
2014|25072064|-
2015|25072064|6,2
2016|25072064|10
2017|25072064|6,7
2018|25072064|11,1
2019|25072064|4
2020|25072064|0
2021|25072064|0
2018|25072080|7,1
2019|25072080|7,4
2020|25072080|0
2021|25072080|5,7
2014|25072099|-
2015|25072099|19,3
2016|25072099|22,8
2017|25072099|8,8
2018|25072099|9,5
2019|25072099|26
2020|25072099|0
2021|25072099|0
2014|25072102|-
2015|25072102|9,1
2016|25072102|15,1
2017|25072102|17,9
2018|25072102|19,2
2019|25072102|2,2
2020|25072102|0,3
2021|25072102|0
2014|25072110|-
2015|25072110|9,8
2016|25072110|5,6
2017|25072110|9,6
2018|25072110|6,5
2019|25072110|9,7
2020|25072110|0,4
2021|25072110|0,7
2014|25072129|-
2015|25072129|9,8
2016|25072129|15,1
2017|25072129|13,5
2018|25072129|10,4
2019|25072129|14,2
2020|25072129|0
2021|25072129|0
2014|25072137|-
2015|25072137|17
2016|25072137|16,2
2017|25072137|13,5
2018|25072137|3
2019|25072137|0
2020|25072137|0
2021|25072137|0
2014|25072145|-
2015|25072145|13,9
2016|25072145|17,6
2017|25072145|15,5
2018|25072145|19,2
2019|25072145|17,7
2020|25072145|0
2021|25072145|1,1
2014|25072153|-
2015|25072153|4
2016|25072153|22,6
2017|25072153|18,1
2018|25072153|1,6
2019|25072153|2,3
2020|25072153|0,4
2021|25072153|0,4
2014|25072218|-
2015|25072218|10,4
2016|25072218|13,5
2017|25072218|14,4
2018|25072218|13
2019|25072218|13,8
2020|25072218|0
2021|25072218|1
2018|25072234|20,6
2019|25072234|9,1
2020|25072234|0
2021|25072234|0
2018|25072242|11,9
2019|25072242|29,8
2020|25072242|0
2021|25072242|2,5
2014|25072277|-
2015|25072277|15,6
2016|25072277|22,9
2017|25072277|27,7
2018|25072277|25
2019|25072277|0,9
2020|25072277|0
2021|25072277|0
2018|25072285|14,8
2019|25072285|11,6
2020|25072285|0
2021|25072285|4,8
2018|25072293|5,2
2019|25072293|10
2020|25072293|0
2021|25072293|4,3
2014|25072307|-
2015|25072307|10,4
2016|25072307|7,8
2017|25072307|10,5
2018|25072307|9
2019|25072307|0,7
2020|25072307|0
2021|25072307|0
2020|25072340|0
2021|25072340|0
2014|25072404|-
2015|25072404|12,8
2016|25072404|10,7
2017|25072404|9,1
2018|25072404|11,9
2019|25072404|0
2020|25072404|2,9
2021|25072404|0
2014|25072412|-
2015|25072412|15,6
2016|25072412|14,8
2017|25072412|16,3
2018|25072412|1,6
2019|25072412|5,9
2020|25072412|0
2021|25072412|0,8
2014|25072420|-
2015|25072420|21,3
2016|25072420|17,3
2017|25072420|17,6
2018|25072420|5
2019|25072420|0,8
2020|25072420|0
2021|25072420|0
2014|25072439|-
2015|25072439|2,7
2016|25072439|4,9
2017|25072439|0
2018|25072439|1,7
2019|25072439|0
2020|25072439|0
2021|25072439|0
2014|25072692|-
2015|25072692|28,4
2016|25072692|24,4
2017|25072692|8,9
2018|25072692|7,6
2019|25072692|6,9
2020|25072692|2,8
2021|25072692|0,1
2014|25075918|-
2015|25075918|5
2016|25075918|1,9
2017|25075918|0,5
2018|25075918|2,8
2019|25075918|0,6
2020|25075918|0
2021|25075918|0
2014|25076400|-
2015|25076400|15,2
2016|25076400|15,9
2017|25076400|20,2
2018|25076400|9,3
2019|25076400|8
2020|25076400|0
2021|25076400|4,3
2014|25076582|-
2015|25076582|19,6
2016|25076582|19,2
2017|25076582|44,6
2018|25076582|25
2019|25076582|8,5
2020|25076582|1,3
2021|25076582|0
2014|25076590|-
2015|25076590|19
2016|25076590|9,1
2017|25076590|16
2018|25076590|14,4
2019|25076590|11,9
2020|25076590|0
2021|25076590|10,2
2014|25077090|-
2014|25077147|-
2015|25077147|14,1
2016|25077147|13,8
2017|25077147|9,4
2018|25077147|8,1
2019|25077147|2,5
2020|25077147|6,5
2021|25077147|9,1
2014|25077759|-
2015|25077759|13,7
2016|25077759|10,3
2017|25077759|17,9
2018|25077759|14,3
2019|25077759|7,1
2020|25077759|0
2021|25077759|0
2014|25078135|-
2015|25078135|10,1
2016|25078135|7,6
2017|25078135|4,9
2018|25078135|3,1
2019|25078135|9,6
2020|25078135|0,2
2021|25078135|1,2
2014|25078143|-
2015|25078143|26,5
2016|25078143|37,1
2017|25078143|7,8
2018|25078143|8,1
2019|25078143|3,6
2020|25078143|0
2021|25078143|0
2014|25078550|-
2015|25078550|5
2016|25078550|9,5
2017|25078550|4,3
2018|25078550|6
2019|25078550|0,8
2020|25078550|0
2021|25078550|0
2014|25078569|-
2015|25078569|9,7
2016|25078569|20,2
2017|25078569|4,1
2018|25078569|7,3
2019|25078569|9,6
2020|25078569|0
2021|25078569|1,3
2018|25078577|0,8
2019|25078577|7,5
2020|25078577|0
2021|25078577|1,4
2014|25078992|-
2015|25078992|16,4
2016|25078992|16,8
2017|25078992|18,3
2018|25078992|21,8
2019|25078992|10,4
2020|25078992|19,7
2021|25078992|10,8
2020|25079115|0
2021|25079115|0
2014|25080016|-
2015|25080016|9,3
2016|25080016|15,4
2017|25080016|9,9
2018|25080016|10,4
2019|25080016|6,2
2020|25080016|0
2021|25080016|0,4
2014|25080261|-
2015|25080261|17,7
2016|25080261|8,2
2017|25080261|13,6
2018|25080261|4,1
2019|25080261|0
2020|25080261|2,7
2021|25080261|3,6
2014|25080270|-
2015|25080270|17,4
2016|25080270|38,8
2017|25080270|11,1
2018|25080270|18,9
2019|25080270|1,9
2020|25080270|0
2021|25080270|0
2014|25080407|-
2015|25080407|14,6
2016|25080407|0
2017|25080407|0
2018|25080407|0
2019|25080407|0,2
2020|25080407|0
2021|25080407|0
2014|25080849|-
2015|25080849|7,1
2016|25080849|19,3
2017|25080849|11,9
2018|25080849|15,6
2019|25080849|11,8
2020|25080849|0
2021|25080849|0
2014|25081349|-
2015|25081349|6,2
2016|25081349|7,7
2017|25081349|9,4
2018|25081349|0,8
2019|25081349|8,1
2020|25081349|5,8
2021|25081349|3,4
2014|25081403|-
2015|25081403|11,6
2016|25081403|19,2
2017|25081403|19,6
2018|25081403|12,2
2019|25081403|8,5
2020|25081403|0
2021|25081403|1
2020|25081454|0
2021|25081454|0
2014|25081799|-
2015|25081799|20,5
2016|25081799|7,7
2017|25081799|30,2
2018|25081799|28,9
2019|25081799|21,2
2020|25081799|0
2021|25081799|32,6
2014|25081888|-
2015|25081888|7,8
2016|25081888|13,8
2017|25081888|13,8
2018|25081888|19,3
2019|25081888|11,5
2020|25081888|0
2021|25081888|0
2014|25082272|-
2015|25082272|13,9
2016|25082272|16,9
2017|25082272|6,8
2018|25082272|16,1
2019|25082272|15,8
2020|25082272|5,2
2021|25082272|8,9
2014|25082493|-
2015|25082493|13,7
2016|25082493|8,9
2017|25082493|20,4
2018|25082493|11,6
2019|25082493|11,7
2020|25082493|0,9
2021|25082493|0
2014|25082922|-
2015|25082922|20,7
2016|25082922|39,7
2017|25082922|20,3
2018|25082922|2,8
2019|25082922|3,6
2020|25082922|0
2021|25082922|0,5
2014|25082949|-
2015|25082949|16,2
2016|25082949|14,5
2017|25082949|19,1
2018|25082949|12,4
2019|25082949|9,7
2020|25082949|0
2021|25082949|5,9
2014|25082957|-
2015|25082957|8,3
2016|25082957|3,5
2017|25082957|7,7
2018|25082957|1,7
2014|25083490|-
2015|25083490|13,5
2016|25083490|8,7
2017|25083490|7,8
2018|25083490|4,7
2019|25083490|4,1
2020|25083490|0
2021|25083490|0
2019|25083597|1,7
2020|25083597|0
2021|25083597|0
2014|25084445|-
2015|25084445|11,2
2016|25084445|1,5
2017|25084445|1,6
2018|25084445|0,3
2019|25084445|0
2020|25084445|0
2021|25084445|0
2014|25084526|-
2015|25084526|18,1
2016|25084526|11,7
2017|25084526|9,3
2018|25084526|8
2019|25084526|5,5
2020|25084526|3,2
2021|25084526|2,1
2014|25084950|-
2015|25084950|8,3
2016|25084950|13,3
2017|25084950|1,3
2018|25084950|10
2019|25084950|0,6
2020|25084950|0
2021|25084950|0
2014|25084992|-
2015|25084992|17,5
2016|25084992|16,1
2017|25084992|16,4
2018|25084992|9,7
2019|25084992|22,1
2020|25084992|0
2021|25084992|1,3
2014|25085875|-
2015|25085875|0
2016|25085875|14,8
2017|25085875|4,9
2018|25085875|6,7
2019|25085875|2
2020|25085875|0
2021|25085875|0
2014|25086049|-
2015|25086049|3,3
2016|25086049|26
2017|25086049|13,2
2018|25086049|19,2
2019|25086049|3,6
2020|25086049|0
2021|25086049|0
2014|25086316|-
2015|25086316|14,3
2016|25086316|11,7
2017|25086316|17,7
2018|25086316|13,6
2019|25086316|5,4
2020|25086316|0,5
2021|25086316|3,4
2014|25086324|-
2015|25086324|15,3
2016|25086324|18,3
2017|25086324|14,1
2018|25086324|16,6
2019|25086324|14,1
2020|25086324|0,7
2021|25086324|0
2019|25086332|12,6
2020|25086332|0
2021|25086332|6,1
2014|25086901|-
2015|25086901|20,9
2016|25086901|19,3
2017|25086901|7,2
2018|25086901|2,7
2019|25086901|2,4
2020|25086901|0
2021|25086901|0
2014|25086928|-
2015|25086928|17,4
2016|25086928|20,6
2017|25086928|23,3
2018|25086928|23,8
2019|25086928|8,1
2020|25086928|0
2021|25086928|3,5
2017|25086936|17,3
2018|25086936|21
2019|25086936|25,5
2020|25086936|26,6
2021|25086936|23,1
2015|25087304|27,8
2016|25087304|22,1
2017|25087304|11,9
2018|25087304|20,5
2019|25087304|12,8
2020|25087304|1,3
2021|25087304|0,8
2014|25087312|-
2014|25087355|-
2015|25087355|19,6
2016|25087355|13,1
2017|25087355|7,8
2018|25087355|15,2
2019|25087355|16,5
2020|25087355|0
2021|25087355|1,3
2014|25087673|-
2015|25087673|6,9
2016|25087673|12,5
2017|25087673|4,9
2018|25087673|3,7
2019|25087673|2
2020|25087673|1,4
2021|25087673|0
2014|25087738|-
2015|25087738|26,1
2016|25087738|32,6
2017|25087738|29,3
2018|25087738|28,9
2019|25087738|23,8
2020|25087738|6
2021|25087738|7,8
2014|25087860|-
2015|25087860|20,6
2016|25087860|23,8
2017|25087860|10
2018|25087860|13
2019|25087860|6,4
2020|25087860|5,4
2021|25087860|5,6
2014|25087878|-
2015|25087878|10
2016|25087878|17,4
2017|25087878|7,7
2018|25087878|3,1
2019|25087878|15,7
2020|25087878|3,8
2021|25087878|0
2014|25087894|-
2015|25087894|13,2
2016|25087894|14,5
2017|25087894|0
2018|25087894|5,3
2019|25087894|0
2020|25087894|0
2021|25087894|8,4
2019|25087908|7,2
2020|25087908|0
2021|25087908|0
2014|25088068|-
2015|25088068|20
2016|25088068|31
2017|25088068|36,4
2018|25088068|29
2019|25088068|13,8
2020|25088068|32,1
2021|25088068|5,8
2014|25088220|-
2015|25088220|26,5
2016|25088220|6,5
2017|25088220|9,6
2018|25088220|0
2019|25088220|0
2020|25088220|0
2021|25088220|1,7
2014|25088530|-
2015|25088530|12,4
2016|25088530|17,1
2017|25088530|20,9
2018|25088530|22
2019|25088530|15,8
2020|25088530|1,1
2021|25088530|3,7
2014|25088572|-
2015|25088572|0
2016|25088572|0
2017|25088572|9,5
2018|25088572|0
2019|25088572|0
2020|25088572|0
2021|25088572|11,9
2018|25088602|7,2
2019|25088602|4,4
2020|25088602|2,2
2021|25088602|2,1
2014|25088785|-
2015|25088785|11,5
2016|25088785|10,9
2017|25088785|13,4
2018|25088785|12,3
2019|25088785|9,1
2020|25088785|1,3
2021|25088785|0
2018|25088963|2,9
2019|25088963|6,4
2020|25088963|0,5
2021|25088963|0
2014|25089013|-
2015|25089013|7,1
2016|25089013|8,8
2017|25089013|11,6
2018|25089013|5,3
2019|25089013|5,8
2020|25089013|2,5
2021|25089013|2,1
2014|25089242|-
2015|25089242|13,3
2016|25089242|7,8
2017|25089242|18,2
2018|25089242|3,6
2019|25089242|12,6
2020|25089242|0,8
2021|25089242|0
2014|25089250|-
2015|25089250|5
2016|25089250|7,7
2017|25089250|11,3
2018|25089250|8,4
2019|25089250|3,2
2020|25089250|2,5
2021|25089250|0
2021|25089331|9,8
2014|25089382|-
2014|25089552|-
2015|25089552|17,9
2016|25089552|23
2017|25089552|2,5
2018|25089552|3,7
2019|25089552|3,8
2020|25089552|2
2021|25089552|7
2014|25089560|-
2015|25089560|22,2
2016|25089560|11,1
2017|25089560|11,3
2018|25089560|5,4
2019|25089560|4
2020|25089560|0
2021|25089560|7,6
2014|25089781|-
2015|25089781|7
2016|25089781|19,3
2017|25089781|15,5
2018|25089781|2,4
2019|25089781|6,4
2020|25089781|0
2021|25089781|0
2020|25089811|0
2021|25089811|4,2
2014|25089820|-
2015|25089820|7
2016|25089820|6,7
2017|25089820|9,9
2018|25089820|21,4
2019|25089820|15,9
2020|25089820|0
2021|25089820|1,7
2014|25089838|-
2015|25089838|7
2016|25089838|16,1
2017|25089838|13,6
2018|25089838|2,1
2019|25089838|4,3
2020|25089838|2,7
2021|25089838|0,5
2014|25090135|-
2015|25090135|17,3
2016|25090135|16,2
2017|25090135|7,7
2018|25090135|13,4
2019|25090135|12
2020|25090135|0,5
2021|25090135|0
2014|25090879|-
2015|25090879|32,2
2016|25090879|38,1
2017|25090879|28,8
2018|25090879|17,5
2019|25090879|7,1
2020|25090879|0
2021|25090879|1,6
2014|25090887|-
2015|25090887|21,5
2016|25090887|19,3
2017|25090887|24,7
2018|25090887|21,9
2019|25090887|11,5
2020|25090887|0
2021|25090887|0,7
2014|25090909|-
2015|25090909|31,3
2016|25090909|26,8
2017|25090909|7,2
2018|25090909|12
2019|25090909|15,6
2020|25090909|4
2021|25090909|4,3
2014|25090984|-
2015|25090984|5,1
2016|25090984|12,3
2017|25090984|27,6
2018|25090984|16
2019|25090984|3,3
2020|25090984|1,2
2021|25090984|7,9
2017|25091000|9,3
2018|25091000|37
2019|25091000|16,6
2020|25091000|0
2021|25091000|15,3
2017|25091018|14,5
2018|25091018|9,8
2019|25091018|0
2020|25091018|0
2021|25091018|9,1
2014|25091549|-
2015|25091549|17,8
2016|25091549|14,3
2017|25091549|6,7
2018|25091549|2,5
2019|25091549|1,7
2020|25091549|3,2
2021|25091549|2,4
2018|25091573|3,2
2019|25091573|12,3
2020|25091573|0,8
2021|25091573|4,2
2015|25091603|24,2
2016|25091603|39,5
2017|25091603|44
2018|25091603|23,1
2019|25091603|10,6
2020|25091603|0
2021|25091603|0
2014|25091611|-
2015|25091611|12
2016|25091611|28,4
2017|25091611|22,8
2018|25091611|23,6
2019|25091611|18,3
2020|25091611|0
2021|25091611|0,9
2014|25091620|-
2015|25091620|41,8
2016|25091620|28,8
2017|25091620|29
2018|25091620|30,8
2019|25091620|18,1
2020|25091620|0
2021|25091620|3,6
2014|25091638|-
2015|25091638|13
2016|25091638|7,8
2017|25091638|11,3
2018|25091638|8,8
2019|25091638|14,3
2020|25091638|3,6
2021|25091638|0
2014|25092111|-
2015|25092111|20,7
2016|25092111|21,7
2017|25092111|18,8
2018|25092111|19
2019|25092111|14,6
2020|25092111|0
2021|25092111|20,9
2014|25092839|-
2015|25092839|0,5
2016|25092839|0,3
2017|25092839|0
2018|25092839|0
2019|25092839|0,5
2020|25092839|0
2021|25092839|0
2014|25092871|-
2015|25092871|14,8
2016|25092871|10,9
2017|25092871|14,7
2018|25092871|9,8
2019|25092871|8,7
2020|25092871|0
2021|25092871|1,1
2014|25093835|-
2015|25093835|6
2016|25093835|14,2
2017|25093835|0
2018|25093835|16,4
2019|25093835|2,1
2020|25093835|1,8
2021|25093835|0,9
2014|25093843|-
2015|25093843|12,7
2016|25093843|14,8
2017|25093843|19,7
2018|25093843|2,3
2019|25093843|0
2020|25093843|0,4
2021|25093843|0
2014|25093851|-
2015|25093851|34,7
2016|25093851|22,6
2017|25093851|23,6
2018|25093851|0,6
2019|25093851|0
2020|25093851|0
2021|25093851|3,7
2014|25093860|-
2015|25093860|30,7
2016|25093860|18,1
2017|25093860|35,2
2018|25093860|33,2
2019|25093860|20,3
2020|25093860|1,3
2021|25093860|16,8
2014|25093878|-
2015|25093878|28,5
2016|25093878|24
2017|25093878|23,9
2018|25093878|23,4
2019|25093878|12,3
2020|25093878|10,6
2021|25093878|0,1
2014|25093886|-
2015|25093886|46,3
2016|25093886|22,6
2017|25093886|25,9
2018|25093886|14,7
2019|25093886|3
2020|25093886|0
2021|25093886|8,5
2014|25093894|-
2015|25093894|32,2
2016|25093894|36,7
2017|25093894|40,7
2018|25093894|33,1
2019|25093894|18,5
2020|25093894|8,6
2021|25093894|0
2014|25093916|-
2015|25093916|40,4
2016|25093916|21,8
2017|25093916|16
2018|25093916|14,3
2019|25093916|19,2
2020|25093916|0
2021|25093916|0
2014|25093932|-
2015|25093932|17,5
2016|25093932|12,1
2017|25093932|0
2018|25093932|18,7
2019|25093932|14,1
2020|25093932|27,1
2021|25093932|11,1
2015|25093940|7,7
2014|25093959|-
2015|25093959|6,7
2016|25093959|8,3
2017|25093959|7,8
2018|25093959|6
2019|25093959|7
2020|25093959|3,9
2021|25093959|4,6
2018|25093967|17,8
2019|25093967|6,2
2020|25093967|10,4
2021|25093967|5,3
2014|25093975|-
2015|25093975|18,4
2016|25093975|14,6
2017|25093975|15,9
2018|25093975|18,5
2019|25093975|11
2020|25093975|1,5
2021|25093975|1,3
2014|25094025|-
2015|25094025|36,5
2016|25094025|42,6
2017|25094025|0
2018|25094025|21,5
2019|25094025|22
2020|25094025|1,2
2021|25094025|2,7
2014|25094033|-
2015|25094033|7,7
2016|25094033|21,4
2017|25094033|12,7
2018|25094033|13,3
2019|25094033|1,9
2020|25094033|0
2021|25094033|0
2018|25094041|2,7
2019|25094041|3,3
2020|25094041|0
2021|25094041|0
2014|25094050|-
2015|25094050|9,6
2016|25094050|12,1
2017|25094050|20,9
2018|25094050|12,2
2019|25094050|14,2
2020|25094050|6,1
2021|25094050|0
2014|25094076|-
2015|25094076|20,7
2014|25094106|-
2015|25094106|18,1
2016|25094106|15,5
2017|25094106|19,7
2018|25094106|12,6
2019|25094106|6,2
2020|25094106|0
2021|25094106|0
2014|25094114|-
2015|25094114|27,2
2016|25094114|36,6
2017|25094114|6,9
2018|25094114|7,3
2019|25094114|4,3
2020|25094114|3
2021|25094114|0
2014|25094122|-
2015|25094122|0
2016|25094122|0,3
2017|25094122|1
2018|25094122|0
2019|25094122|0,4
2020|25094122|0
2021|25094122|0
2014|25094130|-
2015|25094130|16,2
2016|25094130|16,3
2017|25094130|15,7
2018|25094130|29,2
2019|25094130|20
2020|25094130|15,1
2021|25094130|17,3
2014|25094157|-
2015|25094157|18,7
2016|25094157|13,5
2017|25094157|13,6
2018|25094157|13,5
2019|25094157|9,1
2021|25094173|0
2014|25094181|-
2015|25094181|26,4
2016|25094181|19,3
2017|25094181|22,6
2018|25094181|9,1
2019|25094181|4,9
2020|25094181|0
2021|25094181|0,2
2014|25094190|-
2015|25094190|8,4
2016|25094190|12,5
2017|25094190|6,9
2018|25094190|10
2019|25094190|1,8
2020|25094190|7,1
2021|25094190|13,1
2014|25094203|-
2015|25094203|50,6
2016|25094203|45,2
2017|25094203|29,5
2018|25094203|25,8
2019|25094203|15,1
2020|25094203|8,1
2021|25094203|6,6
2014|25094211|-
2015|25094211|0,2
2016|25094211|16,2
2017|25094211|22,1
2018|25094211|22,4
2019|25094211|3,6
2020|25094211|2,8
2021|25094211|0,2
2014|25094262|-
2015|25094262|3,1
2016|25094262|8,1
2017|25094262|6,6
2018|25094262|9,6
2019|25094262|8,8
2020|25094262|8,7
2021|25094262|17,7
2021|25094408|0
2014|25094432|-
2015|25094432|29,5
2016|25094432|9,9
2017|25094432|5,3
2018|25094432|5,4
2019|25094432|7,5
2020|25094432|2,3
2021|25094432|0
2018|25094440|9,2
2019|25094440|11,4
2020|25094440|0
2021|25094440|0
2016|25094459|27,6
2017|25094459|13
2018|25094459|11,5
2019|25094459|10,9
2020|25094459|0
2021|25094459|0
2018|25094629|23,6
2019|25094629|23,9
2020|25094629|25,6
2021|25094629|38,1
2014|25094637|-
2015|25094637|27,1
2016|25094637|28,3
2017|25094637|15,7
2018|25094637|14,8
2019|25094637|13,2
2020|25094637|1,4
2021|25094637|0,8
2014|25094653|-
2015|25094653|19,1
2016|25094653|22,1
2017|25094653|22,4
2018|25094653|22,4
2019|25094653|14,6
2020|25094653|11,3
2021|25094653|19,8
2014|25094661|-
2015|25094661|14,2
2016|25094661|16,9
2017|25094661|16,2
2018|25094661|33,2
2019|25094661|16,5
2020|25094661|4,1
2021|25094661|12,4
2014|25094688|-
2015|25094688|18,7
2016|25094688|33,3
2017|25094688|5,5
2018|25094688|10,6
2019|25094688|10,3
2020|25094688|2,8
2021|25094688|0
2014|25094696|-
2015|25094696|50
2016|25094696|53
2017|25094696|35,7
2018|25094696|30,9
2019|25094696|21,9
2020|25094696|0
2021|25094696|0
2014|25094726|-
2015|25094726|8,2
2016|25094726|13,5
2017|25094726|12,8
2018|25094726|8,3
2019|25094726|6,9
2020|25094726|9,1
2021|25094726|6,9
2014|25094742|-
2015|25094742|15,7
2016|25094742|31,6
2017|25094742|12,2
2018|25094742|17,2
2019|25094742|17,1
2020|25094742|0
2021|25094742|1,1
2014|25094750|-
2015|25094750|8,1
2016|25094750|12
2017|25094750|4,9
2018|25094750|10,8
2019|25094750|17,7
2020|25094750|0
2021|25094750|5,5
2014|25094777|-
2015|25094777|17,3
2016|25094777|20,9
2017|25094777|13,1
2018|25094777|10,8
2019|25094777|11
2020|25094777|6,7
2021|25094777|11,8
2019|25094793|4,5
2020|25094793|0
2021|25094793|0,8
2016|25095013|11,7
2017|25095013|15,8
2018|25095013|18,4
2019|25095013|10,4
2020|25095013|3,7
2021|25095013|0
2021|25095021|0
2014|25095048|-
2015|25095048|14,3
2016|25095048|23,4
2017|25095048|19,5
2014|25095056|-
2015|25095056|12,8
2016|25095056|18
2017|25095056|25,1
2018|25095056|19,7
2019|25095056|11,1
2020|25095056|5,1
2021|25095056|12,5
2014|25095080|-
2015|25095080|16,6
2016|25095080|13,4
2017|25095080|19,1
2018|25095080|14,9
2019|25095080|8,1
2020|25095080|0
2021|25095080|0
2014|25096702|-
2015|25096702|16,2
2016|25096702|18,7
2017|25096702|15,9
2018|25096702|7,3
2019|25096702|7,5
2020|25096702|0,4
2021|25096702|1
2014|25096850|-
2015|25096850|2,1
2016|25096850|0,3
2017|25096850|4,7
2018|25096850|3,7
2019|25096850|2,5
2020|25096850|2,8
2021|25096850|2,8
2014|25097091|-
2015|25097091|30,2
2016|25097091|16,4
2017|25097091|7,6
2018|25097091|14,9
2019|25097091|21,3
2020|25097091|0
2021|25097091|1,4
2014|25097725|-
2015|25097725|17,4
2016|25097725|10
2017|25097725|7,5
2018|25097725|6,3
2019|25097725|5,4
2020|25097725|0
2021|25097725|0
2014|25098357|-
2015|25098357|8,5
2016|25098357|9,3
2017|25098357|5,1
2018|25098357|4,2
2019|25098357|0
2020|25098357|0
2021|25098357|0,2
2014|25098632|-
2015|25098632|31,5
2016|25098632|26,8
2017|25098632|25,9
2018|25098632|28,3
2019|25098632|11,6
2020|25098632|15,9
2021|25098632|11,5
2014|25099116|-
2015|25099116|24,7
2016|25099116|17,2
2017|25099116|27,2
2018|25099116|13,8
2019|25099116|1,6
2020|25099116|0
2021|25099116|0
2014|25099124|-
2015|25099124|34,9
2016|25099124|33,7
2017|25099124|35,7
2018|25099124|26,8
2019|25099124|7,2
2020|25099124|5,8
2021|25099124|3
2014|25099159|-
2015|25099159|35,2
2016|25099159|31
2017|25099159|24,5
2018|25099159|8,9
2019|25099159|0,2
2020|25099159|6,8
2021|25099159|4
2014|25099175|-
2015|25099175|21,1
2016|25099175|26
2017|25099175|26,1
2018|25099175|21,7
2019|25099175|16,6
2020|25099175|0
2021|25099175|12
2014|25099256|-
2015|25099256|15,1
2016|25099256|16,7
2017|25099256|20,9
2018|25099256|16
2019|25099256|7
2020|25099256|0,3
2021|25099256|0
2014|25099299|-
2015|25099299|14,1
2016|25099299|14,7
2017|25099299|16,3
2018|25099299|13
2019|25099299|6
2020|25099299|6,4
2021|25099299|5,3
2014|25099507|-
2015|25099507|16,8
2016|25099507|18,9
2017|25099507|29
2018|25099507|15,4
2019|25099507|0,7
2020|25099507|0,2
2021|25099507|10,5
2014|25099957|-
2015|25099957|26,9
2016|25099957|35,5
2017|25099957|30,8
2018|25099957|9,3
2019|25099957|10,1
2020|25099957|0
2021|25099957|0
2014|25100033|-
2015|25100033|4,8
2016|25100033|7,7
2017|25100033|16
2018|25100033|13,6
2019|25100033|10,8
2020|25100033|0
2021|25100033|16
2020|25100041|0
2021|25100041|0
2018|25100459|17,6
2019|25100459|20
2020|25100459|0
2021|25100459|0
2014|25100696|-
2015|25100696|17,8
2016|25100696|21,8
2017|25100696|16,6
2018|25100696|3,3
2019|25100696|0
2020|25100696|0
2021|25100696|0
2014|25101072|-
2015|25101072|19,1
2016|25101072|21,1
2017|25101072|15,7
2018|25101072|17,1
2019|25101072|14,9
2020|25101072|11,5
2021|25101072|12,6
2014|25101099|-
2015|25101099|17,9
2016|25101099|9,9
2017|25101099|1,6
2018|25101099|4,3
2019|25101099|2,6
2020|25101099|0
2021|25101099|0
2014|25101978|-
2015|25101978|2,6
2016|25101978|14,3
2017|25101978|0
2018|25101978|10,4
2019|25101978|6,9
2020|25101978|0
2021|25101978|16,1
2014|25102519|-
2015|25102519|14,3
2016|25102519|17,4
2017|25102519|10,8
2018|25102519|18,2
2019|25102519|8,3
2020|25102519|0,4
2021|25102519|0
2014|25103563|-
2015|25103563|17,4
2016|25103563|15,7
2017|25103563|11,6
2018|25103563|3,3
2019|25103563|7,3
2020|25103563|3,8
2021|25103563|9,1
2014|25110780|-
2015|25110780|19,3
2016|25110780|19,6
2017|25110780|22,1
2018|25110780|19,5
2019|25110780|17,6
2020|25110780|14,8
2021|25110780|5,9
2014|25111361|-
2015|25111361|51,4
2016|25111361|13,3
2017|25111361|25,1
2018|25111361|45,9
2019|25111361|42,3
2020|25111361|0
2021|25111361|0
2020|25111841|0
2021|25111841|0
2019|25113810|0,6
2020|25113810|1,3
2021|25113810|1,3
2018|25114433|18,2
2019|25114433|6
2020|25114433|0
2021|25114433|0
2014|25114484|-
2015|25114484|11,2
2016|25114484|13,3
2017|25114484|6,2
2018|25114484|6,9
2019|25114484|1,1
2020|25114484|2,1
2021|25114484|1,5
2014|25114506|-
2015|25114506|7,8
2016|25114506|11,7
2017|25114506|19,9
2018|25114506|0,9
2019|25114506|1,8
2020|25114506|5,2
2021|25114506|0,8
2014|25114808|-
2015|25114808|1,3
2016|25114808|4,3
2017|25114808|1,3
2018|25114808|0
2019|25114808|0
2020|25114808|0
2021|25114808|0
2019|25114905|6,9
2020|25114905|0,8
2021|25114905|1,1
2014|25115049|-
2015|25115049|0
2016|25115049|11,3
2017|25115049|5,9
2018|25115049|11,9
2019|25115049|6,1
2020|25115049|0
2021|25115049|0
2021|25115219|0,8
2014|25115359|-
2015|25115359|14,5
2016|25115359|12,5
2017|25115359|13,4
2018|25115359|9,7
2019|25115359|0,4
2020|25115359|4,3
2021|25115359|7,7
2018|25115618|8,7
2019|25115618|4,5
2020|25115618|0
2021|25115618|0
2015|25115723|12,7
2016|25115723|15,1
2017|25115723|13,1
2018|25115723|7,9
2019|25115723|6,9
2020|25115723|0
2021|25115723|10,1
2014|25116037|-
2014|25116762|-
2015|25116762|29,7
2016|25116762|41
2017|25116762|20,9
2018|25116762|1,8
2019|25116762|0
2020|25116762|0
2021|25116762|0
2014|25117459|-
2015|25117459|25,8
2016|25117459|36,1
2017|25117459|24,5
2018|25117459|13,7
2019|25117459|6,5
2020|25117459|0
2021|25117459|0
2014|25117521|-
2015|25117521|9,9
2016|25117521|16,8
2017|25117521|17,7
2018|25117521|17,4
2019|25117521|7,2
2020|25117521|0
2021|25117521|0
2018|25117688|0
2019|25117688|0
2020|25117688|0
2021|25117688|0
2014|25117700|-
2015|25117700|27,7
2016|25117700|50
2017|25117700|30,4
2018|25117700|14,5
2019|25117700|12,1
2020|25117700|0
2021|25117700|0,2
2017|25117858|21,7
2018|25117858|31,3
2019|25117858|14,3
2020|25117858|0
2021|25117858|1,4
2018|25117866|12,1
2019|25117866|2,3
2020|25117866|0
2021|25117866|0
2018|25118358|5,9
2019|25118358|11,2
2020|25118358|0
2021|25118358|0,9
2018|25118560|12,5
2019|25118560|0
2020|25118560|0
2021|25118560|0
2014|25118579|-
2015|25118579|23,6
2016|25118579|18,7
2017|25118579|12,9
2018|25118579|12,2
2019|25118579|12,8
2020|25118579|0,4
2021|25118579|2,9
2014|25118994|-
2015|25118994|33,3
2014|25120670|-
2015|25120670|18,3
2016|25120670|11,5
2017|25120670|14,9
2018|25120670|26
2019|25120670|25,5
2020|25120670|0
2021|25120670|23,6
2014|25120751|-
2015|25120751|7,3
2016|25120751|10,2
2017|25120751|8,6
2018|25120751|2,3
2019|25120751|3,9
2020|25120751|0
2021|25120751|0,6
2014|25120760|-
2015|25120760|13
2016|25120760|15,7
2017|25120760|11,7
2018|25120760|13,7
2019|25120760|14,1
2020|25120760|4,2
2021|25120760|4,7
2014|25120778|-
2015|25120778|10,7
2016|25120778|7,5
2017|25120778|3,5
2018|25120778|4,7
2019|25120778|6,5
2020|25120778|3
2021|25120778|1,7
2019|25120859|2,3
2020|25120859|0
2021|25120859|0
2014|25122401|-
2015|25122401|4,7
2016|25122401|12,7
2017|25122401|8,8
2018|25122401|7,5
2019|25122401|8
2020|25122401|5,1
2021|25122401|3,9
2017|25122533|7,5
2018|25122533|8,9
2019|25122533|8,9
2014|25122908|-
2015|25122908|23,6
2016|25122908|35,1
2017|25122908|25,1
2018|25122908|15,5
2019|25122908|10,5
2020|25122908|20,1
2021|25122908|7,3
2014|25123181|-
2014|25123203|-
2015|25123203|10,4
2016|25123203|8,7
2017|25123203|9,8
2018|25123203|11,9
2019|25123203|5,9
2020|25123203|0
2021|25123203|1,7
2014|25123297|-
2015|25123297|5,5
2016|25123297|12,4
2017|25123297|6,5
2018|25123297|3
2019|25123297|4,5
2020|25123297|0
2021|25123297|0
2014|25123696|-
2015|25123696|63,2
2016|25123696|62,4
2017|25123696|42,9
2018|25123696|21,8
2019|25123696|23,5
2020|25123696|0
2021|25123696|39,6
2014|25123998|-
2015|25123998|3,6
2016|25123998|6,4
2017|25123998|2,1
2018|25123998|3,1
2019|25123998|2,7
2020|25123998|0
2021|25123998|1,4
2014|25124277|-
2015|25124277|17
2016|25124277|11,3
2017|25124277|17,2
2018|25124277|6,3
2019|25124277|3,5
2020|25124277|10,2
2021|25124277|1
2014|25125923|-
2015|25125923|1,6
2017|25125923|4,5
2018|25125923|0
2019|25125923|0
2020|25125923|0
2021|25125923|2,2
2014|25126180|-
2015|25126180|23,5
2016|25126180|18,7
2017|25126180|19,2
2018|25126180|6,4
2019|25126180|5,8
2020|25126180|0
2021|25126180|1,2
2014|25126415|-
2015|25126415|7,7
2016|25126415|18,3
2017|25126415|13,8
2018|25126415|17,8
2019|25126415|6,8
2020|25126415|0
2021|25126415|0,2
2015|25127594|15,3
2016|25127594|4,6
2017|25127594|0,3
2018|25127594|0,2
2019|25127594|0
2020|25127594|0,3
2021|25127594|0
2015|25127659|23,9
2016|25127659|16,5
2017|25127659|10,7
2018|25127659|14
2019|25127659|4,8
2020|25127659|0
2021|25127659|0
2015|25127977|6
2016|25127977|1,3
2017|25127977|0,5
2018|25127977|0,2
2019|25127977|1,1
2020|25127977|0
2021|25127977|2,4
2016|25128337|0
2017|25128337|0
2018|25128337|0
2019|25128337|0
2020|25128337|0,6
2021|25128337|0
2018|25128370|2,9
2019|25128370|0
2020|25128370|7,4
2021|25128370|0,9
2016|25128388|4
2017|25128388|0
2018|25128388|0
2019|25128388|0
2020|25128388|0
2021|25128388|0,3
2016|25128418|2,5
2017|25128418|3,7
2018|25128418|1,6
2019|25128418|3,5
2020|25128418|0
2021|25128418|0,3
2016|25128590|0
2017|25128590|3,6
2018|25128590|1,6
2019|25128590|0,4
2020|25128590|2,4
2021|25128590|3,5
2016|25128604|9,2
2017|25128604|2,4
2018|25128604|0
2019|25128604|0,8
2021|25128604|0
2016|25128612|0
2017|25128612|0
2018|25128612|0
2019|25128612|0
2021|25128612|1,3
2016|25128620|1,2
2017|25128620|11,1
2018|25128620|3
2019|25128620|0,4
2020|25128620|3,5
2021|25128620|0
2014|25128809|-
2015|25128809|41,2
2016|25128809|32,2
2017|25128809|3,7
2018|25128809|31,1
2019|25128809|23,7
2020|25128809|3,3
2021|25128809|18,1
2017|25129279|0
2018|25129279|0
2019|25129279|2,5
2020|25129279|0,3
2021|25129279|0
2017|25129287|0
2018|25129287|0
2019|25129287|0
2020|25129287|0,2
2021|25129287|0,3
2017|25129295|1,8
2018|25129295|0,4
2019|25129295|0
2020|25129295|0
2021|25129295|0
2018|25130110|2,4
2019|25130110|0
2020|25130110|2
2021|25130110|0
2018|25130153|0
2019|25130153|0,5
2020|25130153|0,3
2021|25130153|0
2018|25130161|9,4
2019|25130161|2
2020|25130161|0
2021|25130161|0
2018|25130242|7,7
2019|25130242|7,8
2020|25130242|0,4
2021|25130242|0,7
2018|25130269|15
2019|25130269|1,8
2020|25130269|0,7
2021|25130269|2,6
2018|25130331|1
2019|25130331|1,4
2020|25130331|0
2021|25130331|0
2019|25130552|0
2020|25130552|2,5
2021|25130552|0,9
2015|25137409|3,7
2016|25137409|0
2017|25137409|0,3
2018|25137409|0,5
2019|25137409|0,1
2021|25137409|0,3
2014|25146009|-
2015|25146009|18,1
2016|25146009|0
2014|25151401|-
2015|25151401|6,9
2016|25151401|18,9
2017|25151401|11,4
2018|25151401|11,3
2019|25151401|4,7
2020|25151401|5
2021|25151401|0
2014|25152815|-
2015|25152815|11,2
2016|25152815|14,2
2017|25152815|12,7
2018|25152815|5,8
2019|25152815|9,5
2020|25152815|0
2021|25152815|0
2014|25152823|-
2015|25152823|9,8
2016|25152823|4,9
2017|25152823|12,6
2018|25152823|7,5
2019|25152823|0
2020|25152823|0
2021|25152823|0
2014|25153200|-
2015|25153200|15,8
2016|25153200|33,3
2017|25153200|28,9
2018|25153200|17,1
2019|25153200|22,7
2020|25153200|0
2021|25153200|0
2018|25251945|17,7
2019|25251945|24
2020|25251945|0
2021|25251945|4,1
2014|25281925|-
2015|25281925|0,6
2016|25281925|0
2017|25281925|4
2018|25281925|0,9
2019|25281925|0,2
2020|25281925|0,8
2021|25281925|0,2
2014|25282921|-
2015|25282921|5,7
2016|25282921|0
2017|25282921|0
2018|25282921|0,8
2019|25282921|0
2020|25282921|0,3
2021|25282921|1,8
2014|25282930|-
2015|25282930|6,3
2016|25282930|0
2017|25282930|0
2018|25282930|0
2019|25282930|0
2020|25282930|0,4
2021|25282930|0
2014|25283928|-
2015|25283928|5,8
2016|25283928|1
2017|25283928|14,6
2018|25283928|2,5
2019|25283928|0,8
2020|25283928|0,2
2021|25283928|0,2
2014|25284940|-
2015|25284940|0
2016|25284940|0,4
2017|25284940|2,1
2018|25284940|1,4
2019|25284940|0
2020|25284940|0
2021|25284940|0,3